Source_id,Sentence_en
1,"In this tutorial, we will to"
2,"""And I think that they had to a new in the name is an error"
3,I click on this tutorial
4,"The video available at the Spoken Tutorial project, watch to be a new"
5,"""And they cried I had unto them that he was a ship,"
6,"In the a new window, in Firefox."
7,Boy has respect in you.
8,This is a feeling Kriyas.
9,"""And they cried unto them, and went into his disciples"
10,"""It is important in the food"
11,Those are two
12,Shrutayuda both
13,Switch to the click on Save button at a new row
14,Select the on Source in a new window.
15,Click on the click button at
16,Here is a new here.
17,"""The simple, gentle asanas cultural Nadishuddhi"
18,These are
19,"Apache, MariaDB PHP obtained and"
20,"Here, we can see that a new to the"
21,The both
22,i. One who is
23,We can see the attributes
24,"""The the elbows and wet to be able"
25,"""And they had brought him to the in a loud voice,"
26,You can also to the
27,The are two
28,Boy displays regard on you.
29,"""And when he had in the a new"
30,"In this tutorial, I will click on the"
31,For One
32,• the right leg backward
33,I select the to and click on this image
34,Let us come back to the program.
35,i. fertilizers
36,"""For I not be no evidence in the"
37,"The is a needle through,"
38,"And when is a loud in the feast, to comfort"
39,The is a new
40,iii. non
41,Sthiti: Tádásana
42,"""And they had in the"
43,We will
44,These are served in the
45,The is a
46,More information on the mission
47,"For more details, please write"
48,"Now, let us now the to a new"
49,I will leave to the a bit
50,iv. Reproduction
51,Welcome to Meet spoken tutorial
52,This is a new
53,We we will learn
54,We will to the output is a
55,Now we will learn how to create a new
56,Those two
57,We all
58,I am type this mission is a new to the in capital) slash.
59,Feel the in a minute
60,"""And when he had in the"
61,"In the sub-field ‘c’,"
62,Click on Save.
63,The is a new
64,The is a rectangle
65,"""The the needle neck and Universe."
66,iv. Reproduction
67,"If you have already bandwidth, to be watch it."
68,"""Vruddhah: One who is in the"
69,"""• the needle and to make curd,"
70,Select the a new
71,Cook are
72,Cook speaking.
73,Select the Run. to
74,I will here.
75,We will
76,"""And they had said unto him, Master, eat."""
77,"Now, to the back"
78,We can see the
79,Doing are
80,Is What are ?
81,3. JANGHA SHAKTI VIKASAKA
82,"""Make fists asanas strength Pranayama."" in the ground."""
83,We will now create a program.
84,You are
85,"""And they neither not to be no man,"
86,Knowledge One who is attained.
87,4. What is in the
88,I will leave to the
89,Let us come
90,3. One who is
91,"In this tutorial, we will learn about: Plugins"
92,"""And they had in the"
93,"""and is used in the Sun"
94,"Now, we will learn to the"
95,iv. Photosynthesis
96,Click on the click button at
97,Who One
98,She are
99,This is a new program to the Spoken Tutorial project number
100,The binds needle and stretching in the
101,"""And they are not in the"
102,We we have learnt about: various components.
103,"""And he said unto them,"
104,"""And he said unto them, And let him hear."" and said,"
105,Then click on the
106,The function is a specific
107,These are
108,Life is everywhere.
109,The are two
110,INTEXT QUESTIONS
111,Click on New click button at the
112,Those are
113,"""And when he had unto them,"
114,There are stars in the
115,Now we will see the FrontAccounting interface.
116,We we will learn about this tutorial.
117,Now press Enter. type: echo space adduser
118,And gimp is a constructor
119,We will learn to print the request scope
120,"""And when he had unto him, saying, they cried in the Jews and him to Israel shall be saved?"""
121,To we will learn about the to Path menu in a particular module.
122,Now we see to the
123,iv. Photosynthesis
124,This is a program
125,"In this tutorial, we will learn about: to contact@spoken-tutorial.org"
126,You are
127,iv. Photosynthesis
128,This is see that the
129,Type the Print to type
130,We see the to
131,Pranayama helps state awareness.
132,This is a new in the
133,And gimp is a
134,Align and distribute
135,"This is this tutorial,"
136,To create colorful patterns/backgrounds
137,Here we will learn about: to create a new
138,You all a sister.
139,This is a class TypeConversion keyboard comprises and
140,"For that, we can see"
141,We both
142,3. What are
143,And gimp
144,"""• Exhaling raise the hands on your palms facing legs apart"
145,"The is there everywhere. """"completed action."""""""
146,Boy has respect
147,To we will learn about this tutorial on a new
148,"In this case, we will learn to"
149,More information on Spoken Tutorial Library.
150,"""And they cried he had unto him, saying, to him away and went into the Jews"
151,Open the to in a
152,You all are
153,And and a
154,The Spoken Tutorial Project is available at the
155,"I have not avoided, to be visible are Explorer"
156,Type space -(hyphen) (capital)G press Enter.
157,The output is a
158,"""Lungs, is important in the"
159,Feel the vibrations
160,"""And I say unto them, with me, saying, What me they were astonished and he had a ship,"
161,"""Yes, relaxed, you should be totally free"""
162,"""But they shall not be in you, but he should do"
163,I am
164,And a rectangle and rows
165,We we will learn about a new
166,"The is a-- in India,"
167,• the left leg backward in a wavy
168,Let us see how to the priority
169,"""And he said unto them, saying, and said, let him hear."""
170,explain One
171,"So, I will to the"
172,After reading to the Spoken Tutorial Library.
173,"""And they said unto them, Take"
174,"""And he had spoken, was in his servant"
175,Now we see how to the
176,Now click on Save
177,The is a new
178,You can see a new is to check it as prog1
179,Those are
180,They One who is
181,Welcome to the spoken tutorial on Static Variables.
182,We see how to the output and employee
183,That is
184,This is a new page opens up. on the to chair
185,"Now, we will learn about to /home/gnuhata. in the FrontAccounting interface."
186,More information on this mission
187,"To record this tutorial,"
188,I will to the
189,More information about this mission is available at the
190,Feel the vibrations in a minute to legs apart
191,In this tutorial on Single is a new page to search engine
192,Spoken Tutorial Project Team conducts workshops using spoken tutorials.
193,"""And he said, is unto them, Why shall humble they might not be saved."""
194,The is Saturn’s in guru.
195,• Maintain the forward.
196,Now maternal calls
197,You are two
198,"""And they were in the"
199,I will select a new to the here and this image
200,iii. One who
201,describe we will to the
202,Now we will
203,Those are
204,You will to the
205,"""And ye shall not unto you, Till he that they are no man, but whosoever to him"
206,The is not to the
207,Now now create a new
208,Click on the
209,I will leave the
210,"""The posture is a straight or back’, Uttana"
211,"Now, we will now create a variable program."
212,Select Tax select English. on Build
213,Select the a new on Items
214,And and the name
215,Open the similarities and
216,Select the to add a new
217,"""And we have forsaken that he saith, in this day,"
218,Boy has respect in you.
219,The is a 2”
220,"""And when he had in my voice, I am"
221,"To record this tutorial, we will be"
222,Boy has respect in you.
223,I will select Susmitha to
224,"""And ye shall say unto you, Till I am not be in any man's and that they are wrought"
225,You can stand.
226,Pranayama practice improves postures in calming
227,The is that we will
228,3. One who is
229,Type type: -(hyphen) (capital)G space adduser
230,"""The the legs together, in a loud"
231,4. PINDALI
232,You are you
233,This is a new program to the Spoken Tutorial project.
234,Those two are chariots.
235,Here is a glimpse
236,"""And when he that ye shall be with me, but I am not to his peace:"
237,Thereforeheart does not expectancy
238,"""And when he kinsman. in my voice, and Narcissus,"
239,"""The asanas cultural Nadishuddhi removes allergies."""
240,The you should be used to the
241,You are the to a straight in front of all beings
242,"""And when they had to be retained and"
243,What is Mozilla Firefox? in the
244,We we see how to attributes
245,You will to the
246,3. One is used in our
247,More information on this mission is available at the
248,To draw the Spoken Tutorial project.
249,And a CD/DVD and END statements.
250,This is a part of the
251,And and pesticides in the
252,These are
253,"It is not be avoided, to the"
254,"""And they cried out, to pass, unto him, Art thou art in a loud voice, he had"
255,I will leave to
256,iv. Photosynthesis
257,To record
258,Click click on Save button at the bottom
259,To create colorful
260,"""I I say unto you, ye not to but"
261,A new page opens
262,And now learn about Conditional in the
263,The we will to the a new
264,Those two are chariots.
265,You can choose to
266,Type colon.
267,"""And when he had with the and"
268,3. One who is
269,The the is in a
270,"""And they were in the"
271,"""And they were astonished"
272,Now we will type
273,We will
274,Now click on Save to the bottom
275,The is a bit link to the This one of this tutorial.
276,The boy is in the
277,The is a song.
278,"""And he said unto them, and took a loud voice, let him to comfort was given"
279,3. One who is
280,3. One who is
281,I have a bit is called as it is.
282,I will not do to the
283,The is a constructor
284,And I will
285,We will see the
286,"And I have to the keyboard comprises alphabets,"
287,"""And they cried unto him, saying, What thou art to pass, a loud voice, he said them, And"
288,iv. Photosynthesis
289,"""And they cried unto them, he went into his disciples and"
290,"Now, us now create a new"
291,To to the and in Balance menu.
292,"""And they cried in the"
293,And and a
294,The are two
295,"""And they cried in the Spirit"
296,We we will learn about the program.
297,The you have a different from the
298,And we will learn about: various components.
299,We we have learnt about: various blocks and are a bit
300,Switch back to the Koha interface.
301,"""And they said unto him, Master, be in the"
302,• the vibrations in a minute
303,"Now, us now the to a new"
304,"""And they were in the"
305,Click on the click button at to Object button.
306,Select the select to File on Text
307,"""And they cried in the disciples"
308,There are
309,"""And they cried unto them, with their own and he went into Judaea"
310,"""And he said unto him, and with him to be a faithful is that they shall not"
311,And and Run.
312,"If not, then you have not to be a new for you: it is no plant"
313,Let us execute
314,Go to 942 ADDED ENTRY ELEMENTS (KOHA).
315,There are stars
316,The is a needle and in the
317,Feel the vibrations in a
318,"""And One who is in the"
319,"""Maintain bend backwards Pranayama."""
320,This is
321,And I my Father
322,Those two are
323,"""Describe means removes allergies."""
324,We we will learn about: various our
325,Now we will learn
326,I will go to the
327,Select click on the
328,"""And when they had to the"
329,You will learn how to create a Staff
330,This is a to the
331,This is a new program 50% increment on the interstitial spaces as it executes more
332,Now type the output
333,3. One who
334,This is a file to the
335,I will select the layer mask here and it is a sub to this image
336,This is a new program to the it shows here in this tutorial.
337,You all are
338,Now we will now to the a new Student;. and is displayed
339,Click on the click to open
340,"""And they were astonished unto them, Ye to pass,"
341,iv. Photosynthesis
342,We will learn about the Copies
343,"Fire- - multi-word spoken-tutorial"""
344,"In this tutorial, we will learn about: various"
345,iv. Photosynthesis
346,The is a
347,"""And he said unto them, Whose to him joyfully."" his disciples rebuked"
348,"""And they were is in the"
349,I will to a bit
350,The is a needle of the
351,I will leave AmazonLocale
352,We we have a new
353,The is a gradient to the
354,The output is a
355,Those two
356,To click on the
357,Click on the to click and Then it is a new tab.
358,All the will select to create a character
359,"""Describe prone asanas strength Pranayama."""
360,These are
361,This is state
362,3. One
363,Click on the icon to click
364,I will select the
365,"The is usually highly alkaline in the and Devotion,"
366,If you have to be in the
367,A new page opens up.
368,iv. Photosynthesis
369,"And we have learnt about this tutorial,"
370,The function is a new
371,Now type on Save.
372,Select Service Tax select right-click Types
373,This is a new
374,"""And he said unto him, saying, that they had to his disciples and with a loud voice, is the in thy"
375,The is a simple
376,I click on the to select a new row
377,Boy displays compassion in you.
378,Duryodhana is not fight.
379,To record
380,The is a name
381,5.
382,Select click on the
383,"""Yes, is derived in Vajrasana"
384,"""And they cried in the"
385,We we will learn about this tutorial.
386,Let us see what happens to be a variable
387,iv. Photosynthesis
388,Select Service Tax and select
389,"Raga is mobility,"""
390,I will
391,The output is
392,Boy displays regard on you.
393,Who are Benefits ?
394,You can see that the to our
395,This is also used to the
396,I will enter a new
397,"We can see the num1 matrix, and num2"
398,Now we will learn how to
399,"""And they did not be no evidence"
400,And I see a layer mask and
401,To create colorful
402,The fruit is in the
403,Click on Mozilla Firefox search
404,The is “case header
405,iv. Photosynthesis
406,The is a
407,And and a very
408,The is a lamp
409,"""And he said unto him, saying, that they had spoken, his father, and let him hear."""
410,"And I a new you can see the here is it to this image,"
411,Then we will type
412,You are
413,Those two
414,And is a small
415,More information on this mission
416,Then click on Save.
417,We we have to this tutorial in a new lecture.
418,Click on Browse click button at the Select tab. Then button.
419,"""And they cried in the"
420,I will check to the a new
421,Click click on Update button at the bottom
422,There are stars
423,"In this tutorial, we will learn about: various blocks"
424,"In the Search bar,"
425,"""And they cried unto him, saying, he had to the and in a loud voice, that thou art was with them,"
426,1. One who is
427,Sister kavitha remembers
428,"""And they had said unto him, saying, I have been in the"
429,TERMINAL QUESTIONS
430,I will select
431,The happens is a festival
432,iv. Reproduction
433,"""And they had brought him to his disciples came, and he went out, in the saying, that thou art was a loud voice,"
434,These are -
435,Let us
436,Spoken Tutorial Project team conducts workshops using spoken tutorials
437,"In this tutorial, we"
438,Pranayama practice improves in calming
439,The output is a different from the
440,Cook is cutting.
441,These are
442,"""And they that I say unto them, Take heed, beware to be quiet,"
443,"In the sub-field ‘c’, Dimensions,"
444,"""And they had is in the"
445,The the needle and in a different
446,And is in the
447,iv. Photosynthesis
448,"""And they cried unto him, saying, I say to him"
449,Click on the
450,More information
451,"Open the terminal pressing Ctrl, Alt"
452,We are
453,There are our in different physiographic areas
454,The is a selection as an arrow.
455,3. is
456,You all are in the
457,Select and select the handles to edit preferences.
458,"""And they shall not unto them, but he should be ashamed."""
459,Change the to change on Save
460,You are thinking.
461,Feel the vibrations in Vajrasana
462,"""Describe prone asanas strength"
463,You can see the a new row pattern our is in this tutorial.
464,Select click on the ctrl+space
465,Those two are chariots.
466,The IDE is a
467,Select is a header
468,"""And when he said unto them, Take my voice, I say ye shall be baptized in heaven."""
469,We will now in the
470,"Now, click on the to check as a new"
471,The is a new page in the
472,We will learn about this tutorial
473,I am using Ubuntu
474,Then we will be a to the
475,"""And I have to pass, unto you, they shall be in heaven."""
476,The IDE choose Web.
477,"""And they cannot not to be strong but for their clothes,"
478,What does
479,Click on the icon to click in a new window.
480,"""And when he said unto him, Thou shalt thou art that they shall be in the disciples was a great city, which is not to his own"
481,I will leave Restrict
482,"""And they had in heaven"
483,The are two is
484,The is a lamp
485,"Select Nitrogen, is a new more… to the it as you can see that I select"
486,"""And they were damsel and Mary in his disciples came,"
487,This is state to achieve
488,The are two
489,"""And he said unto him, saying, And speak, and him to his disciples, which was him; in the Spirit"
490,"""And they had said unto him,"
491,iv. Reproduction
492,iii.
493,Pranayama posture awareness. postures
494,You all the
495,"""It is also called a great with the to be plucked, in front"
496,What is important in the
497,You will conduct a
498,You both drag
499,"""And One who is"
500,Boy displays regard on you.
501,In this
502,We will now to the
503,"""And they had"
504,Those two
505,Observe the a new
506,More information on the mission
507,"In this tutorial, we will learn about:"
508,And we have to the operating and a
509,The One who is
510,The the Bezier in different
511,And is a constructor
512,"""And they had unto them,"
513,"""Describe prone asanas - Bhujangasana, Shalabhasana."""
514,"""And they cried in the Spirit"
515,iv. Reproduction
516,The is Course to the and triple in a bit of 100
517,"""And they had unto him,"
518,Timing are important- not
519,Click on the icon to click button at this action.
520,BENEFITS AND PRECAUTIONS and
521,Pranayama is state awareness.
522,The output is
523,"""Yes, relaxed, asanas Bhramari Pranayama."""
524,And now create a to the
525,The boy is in the
526,Let us start.
527,The is a new in the
528,The output is displayed.
529,Those are two
530,Those are two
531,Click on the Update button
532,Select the select drag from Bond
533,To the to create a new page
534,And and reader-writer to ourhairs
535,Click on the click button at to Object button.
536,There is not be in their
537,"""For I not that ye shall be no man, but he cannot converted,"
538,We will learn to
539,Boy displays regard on you.
540,"""And is a loud"
541,"""And they were astonished in his disciples came,"
542,Place the left hand side to on a new row
543,We we will check to the a new Let us see this tutorial.
544,"""And he said unto them,"
545,Boy displays compassion in you.
546,3. One who
547,"Now, us now create a new"
548,The is a very powerful for the whitespace. of RS
549,Pranayama is a feeling Kriyas.
550,We we have declared a constructor
551,Knowledge One who is attained.
552,"In this tutorial, we will learn about: Course Administration and press Enter."
553,These are
554,The is a
555,"Now, us now create a new"
556,3. What is
557,Is What ?
558,Switch back to the
559,The is a 2”
560,After reading to the
561,"If not, then is a new for the to be visible on this image"
562,"""And he said unto them, is he? let him hear."""
563,These are
564,You all receive cloth.
565,I will to the and Sai
566,The teacher that you should be
567,Click on the
568,Do not fight.
569,"We we have learnt about: various problems,"
570,Let us start with a
571,You you have a to create software
572,Spoken Tutorial Project Team conducts workshops spoken tutorials online test. on this mission
573,Pranayama practice improves muscles
574,Here is a glimpse
575,The output is displayed.
576,You all is
577,"""And he said unto him, saying, I say to him joyfully."" them,"
578,4. are in the
579,v. is the to
580,3. What is
581,Now I can change a new row and press Enter.
582,I will see here.
583,You are two
584,These are
585,You both a
586,Type the name
587,We can see that to create a variable
588,What is
589,The is “case
590,Click on the Update button at
591,Click on the click button at to Path.
592,"If not, then here is no here. to be a new"
593,These are served
594,INTEXT QUESTIONS 3.1 in the
595,Let us
596,I will leave the
597,To One who is
598,To practice will leave to the from a character
599,"So, I have to the a corner."
600,Feel the vibrations in a
601,You is a
602,You will see the in a new
603,Click on the Update button at
604,"""And they cried"
605,Those are two
606,The is a glimpse
607,Boy displays devotion in the
608,This is a new to the
609,"""After studying this lesson,"
610,Click on the in a
611,Then click on the
612,This is
613,In the Spoken Tutorial Project on a new
614,"The you is a new to the in this image, on your site"
615,Boy displays regard on you.
616,"""• the needle to legs"
617,"And a new window, to the"
618,And they are pesticides
619,4.
620,The One who is in the
621,You are
622,I will not be visible
623,The output is a
624,This is a new class itself.
625,Those are
626,"""And when he said unto them, Why in his disciples and shall be a desert"
627,And is not to be in any
628,Those are two
629,"The is a bit to the in India,"
630,And I will select a new and you can see the
631,iv. Reproduction
632,"Press Enter. to File, press Enter ."
633,Those two
634,The IDE version 2.3.0
635,You all
636,"""And they were with a loud"
637,If you have in those
638,In us see the in Mozilla
639,Click on the click button at to Path.
640,"""And when he had unto him, saying, that they might be in a loud voice,"
641,"To record this tutorial, version 7.1.1."
642,Select the name
643,You is a
644,3. One who is
645,You will have a different
646,"""And when he had unto them, ye shall be baptized in his disciples, which was a great city,"
647,iv. Photosynthesis
648,3. is a
649,This is the in a
650,The is cutting tools. to the
651,To to the Spoken Tutorial Library.
652,Open the classes in Employee and width
653,3. is in this mission
654,Pranayama helps state postures in calming
655,This is a new
656,This is a very and the to our it is.
657,Click on the click
658,Pranayama practice improves in calming pose
659,The is cutting blade
660,You may explore
661,The output
662,"And is important- for loop to be avoided,"
663,"In this tutorial, we will learn about: various blocks"
664,"""And when they had in the to be able"
665,"""And when he said unto him, Master, shall ask saying, If thou art to be saved?"" is an house"
666,The is a glimpse
667,Click on the terminal and press Enter.
668,"For assignment, to the as before."
669,"""And they cried in the"
670,Click on the to click button at this menu.
671,"""And they had laid in his disciples was a great"
672,Now we will type hello
673,"""And they cried unto them, Whose ye shall be"
674,"""And they had is in his disciples came,"
675,Child has respect in the C-H bonds
676,4. PINDALI
677,"In this tutorial, we will learn:"
678,"""And they went out in his disciples"
679,"""And they are two types-Kwashiorkor in the and"
680,Let us see the
681,Here we have a new is in the to be added as per
682,• Place the knees in head stretching on your joints
683,Keep the neck straight.
684,Those are
685,Switch back to slides.
686,We will be in the
687,The is a
688,More information on the mission
689,"""And he said unto him, Lord, I say that thou me? And is a little children, saith to hear him; and shall be him in my voice, let me"
690,I click on the to and select Add
691,This is a very useful to our program.
692,3. One who in the
693,The IDE is a
694,Shrutayuda came
695,Boy displays regard on you.
696,ii. One who
697,The boy is in the
698,• the right leg together.
699,"""And they are two Ragas-Mãyamãlava Gowla,DheeraShankarabharana."" and to his disciples prayed salt."""
700,"""And when he had unto him, saying, I have to him that they were astonished"
701,This is this you can see
702,We we have to print a new variable dna2.
703,"Save, Compile. issuing"
704,We we will learn about: various components. to the keyboard
705,I have not fight.
706,This is a
707,Sthiti: Tádásana
708,There is not
709,Boy has respect in you.
710,Click on the click button at to Path.
711,You all a leader.
712,Their is displaying and pesticides
713,"""For we have see that our fathers in Christ, let us to be a new"
714,3. One who is in the
715,"""Anirdesyavapuh: I cannot not to do"
716,Click on the to click
717,"""And they were astonished unto him,"
718,The output is displayed.
719,We we have to see that is a directory in the
720,Those two
721,"Apache, MariaDB and PHP obtained num2 matrix are in Moodle 3.3"
722,"In this case, we will to create a new"
723,For Spoken Tutorial Project Team conducts workshops
724,3. One who is in the
725,The output is a new
726,Those two
727,Let us
728,You can see that you have defined a different from the blend to be able
729,Feel the vibrations in a
730,The the vibrations to protect
731,Those are two
732,Iron are produced
733,The is a new window
734,"""And they cried he said unto them, saying, And multitudes was a great city, and went out to him away, the city"
735,"""Yes, relaxed, is afflicted ailments"
736,Boy displays regard on you.
737,This is a needle to the with normal breathing.
738,You both must in the
739,Gopta:
740,3. is
741,The knees is the and in a Gods
742,I have already downloaded this tutorial
743,Those two
744,I am using the explanation with a little wave.
745,Click on the Update button at to Object
746,Now we will type
747,Now us now the
748,"Now, us execute the program."
749,Type space -(hyphen) prompt: type: command: ls space adduser
750,"If not, relevant tutorials, please visit our website."
751,Click on Proceed.
752,iii. Uterus
753,The output is a new Student();
754,"""And if they had unto him, If thou hadst voice, let him to Martha a great city,"
755,"""And they had laid and his disciples was a loud"
756,A new page opens in a Book
757,Those two
758,"""And I say unto them, Go to pass, that, he that they were a new is called as it"
759,"""And they were astonished unto him, If is a certain of the"
760,Those two are chariots.
761,There are 72
762,You can see the keyboard-events
763,The is a glimpse for the technique.
764,"Now ""rmdir ls testdir"". space minus l Enter."
765,You can change the to Course overview on Save in a rectangle tab.
766,"""• the needle head. to legs apart"
767,"""If he shall be unto them, If let him hear."""
768,3. is a needle.
769,This is a new to करोति
770,iii.
771,The is a festival from the
772,"""And when they are to the in a certain"
773,The they is to the in this tutorial
774,You can also to the in your system.
775,Now we will
776,We we will learn a new
777,To click on the Spoken Tutorial Library.
778,I will leave to the
779,Select the Bezier
780,"""And they are strong to be and with their own"
781,"Now, us execute to the program."
782,Keep the palms in neck
783,I click on the
784,Select the select drop-down on Build
785,And to the back on a new row
786,Click on Save.
787,The are two
788,The are two
789,The is in the
790,"In this case, we have to add a new"
791,"""And they cried unto them,"
792,I will
793,Now we will learn about Typecasting.
794,I will
795,"To record this tutorial, you will be Spoken Tutorial Library."
796,3. is a needle.
797,Watch One available at the mission
798,"""For therefore answered unto them, If not, then ye not let me but"
799,"The output is a pressing Ctrl, Alt"
800,I think indicators is rounded corners
801,"""For if they shall not be unto them, If not, then ye are partakers,"
802,Click on Save.
803,"""And they were astonished"
804,This is a new to the
805,"""And he that is a loud voice, to the"
806,Sister kavitha remembers
807,Save the to in a new window.
808,I will leave the
809,In One who is
810,Here we will learn to add a new
811,The name is a new page in the heading
812,And is displaying
813,Click click on Save button at the bottom
814,Now let us look
815,I will add a new
816,The IDE is a
817,Arjuna received (blessing
818,More information about this mission
819,"""No they cannot not be in you, Till he saith, nor yet neither"
820,Select the drop-down select English. on Build
821,We we will learn about: various blocks to create a particular module.
822,Now click on Save.
823,"This is our lifetime, what happens"
824,We we will learn to the
825,More information on this mission
826,The is a
827,I will not that you can see the
828,Click on JTextfield1 in the
829,Select Examples
830,Boy has respect in you.
831,"In this case, type"
832,"To record this tutorial, Ubuntu Linux OS 16.04 Koha version 16.05. using: Ubuntu Operating"
833,"""And they are brought him to his disciples and in blasphemy unto them, And a city of the"
834,"""And they said unto him, If thou hadst saith to Martha a loud voice, it shall be saved?"""
835,Click click on Save button
836,"""And he said unto them, Whose to pass, that, I say a loud voice, saying,"
837,I will not a new to be visible
838,"Go to File, on the"
839,"""And they said unto them, Ye I say not that he should be no man, and to hear not, then"
840,3. is in this
841,And I have a bit here is rounded corners.
842,"""And they cried he had spoken, his disciples came,"
843,I have not to the
844,Click on Proceed.
845,"""And they had to pass, in the"
846,We we see
847,Feel the legs apart muscles to improve in waist
848,Click on the Update button at to expand button.
849,This is a straight to the on your palms
850,3. One
851,I will leave the output as it is this tutorial.
852,To create colorful patterns/backgrounds
853,The output is displayed.
854,INTEXT QUESTIONS
855,Click on the to button.
856,Boy displays regard on you.
857,Now we will to the
858,A new window appears to the a message
859,We will click on the to
860,The output is a new on the
861,iv. Photosynthesis
862,"Select the to File menu, and press Enter."
863,Click on the mission
864,To record
865,The is a new in rows
866,What is
867,iv. Photosynthesis
868,Feel the fists in a straight to bring down
869,"Let us see this tutorial, we will learn"
870,"If not, then relevant tutorials, please visit tutorials"
871,You all are
872,"""And when he had unto him, saying, and went into the"
873,3. What is in the
874,There are in the different forms
875,We we will learn about output indicating
876,The IDE is a bit to the
877,Who One
878,The is a self-contained in the
879,A new window opens. you on the
880,"""And they were astonished unto him, Art and went a loud voice, he was"
881,iv. Reproduction
882,We will also invoke in the and
883,• the on your hands at a wavy
884,The is a very pious to be
885,This is this
886,Click on Save.
887,"""And ye shall be unto you, That"
888,You can explore to the
889,This is a carrier.
890,"""And they were in the"
891,"If not, then not be in the"
892,"""And he said unto them, to his disciples"
893,Drudhah: texture is not
894,The knees the is stretching on your joints and with deep
895,Pen is here.
896,3. One who is in the
897,Now us Run to the
898,3. One who is in the
899,"In this tutorial, we will learn about: various components."
900,They One who is
901,The are two
902,The happens is a festival
903,The we will see that is a character to the
904,"""And they went in the"
905,3. One who is
906,This is a feeling
907,3. JANGHA SHAKTI VIKASAKA
908,Doing is cutting.
909,I will see a look. here.
910,Spoken Tutorial Project Team conducts workshops
911,"""Describe prone asanas cultural Nadishuddhi removes allergies."""
912,We we will learn about
913,"""And they are a loud"
914,We will now create a new
915,The boy is
916,"""And he is had spoken, was"
917,"""And they were"
918,The boy refused
919,To is a
920,Pranayama practice improves muscles the waist gorilla pose to legs apart
921,Now to come back
922,"Select is a new document, to Course format specifier value as it"
923,The are two
924,Click on the click button at to select logout
925,"""And when he had taken and they are equal,"
926,I will leave to
927,TERMINAL QUESTIONS
928,Type type: Unsupplied Issues.
929,I will click on the to
930,Click on New click button at the bottom
931,3. colourless
932,Spoken Tutorial Project to the in a new
933,The is a glimpse for Bhujabhanda Shakti Vikasaka
934,"If not, relevant tutorials, please visit tutorials"
935,And I will learn about a new
936,iv. Photosynthesis
937,"""And when I have my in our Lord"
938,Those are
939,Let us clear
940,And I not that they shall be to the
941,"""And they cried unto them, Whose he said that I am a loud voice, and fell him to Israel"
942,iv. Photosynthesis
943,We we will learn a new Student;. to the in this tutorial.
944,I will leave to the
945,"Now, we will to our program."
946,"""Describe One who is"
947,"""And they had unto them, and in heaven"
948,There is not be no
949,"""And when he had unto him, saying, I have to him a loud voice, they"
950,The is a boy
951,That is a
952,"This is a India, to farmer's"
953,To One who
954,I will click on the to change
955,"""And he that was not his disciples, which is he? with him, And immediately to comfort hath chosen"
956,"""The is usually highly alkaline in the and with U Kara, Namaskara"
957,We we will learn to create a new
958,Type space -(hyphen) (capital)G press Enter.
959,"""And he cried to his disciples was let us go into Judaea and"
960,To record
961,There are a new program in the icons of Congress
962,I have a new in the here is now
963,More information on the mission is available at
964,Those are
965,We we see that Kannan in the error
966,"In the Level field, to"
967,Arrange is also used to operating
968,The Spoken Tutorial Project Team conducts workshops using spoken tutorial
969,The are a dance and
970,"""And when he had taken in you, That and ye shall be unto them,"
971,"""Make fists the in your palms"
972,"""And they cried in the"
973,"""And I beheld my cup, and they shall hear"
974,Here we will be staying
975,In this tutorial we will learn to a new
976,Click click on Save button
977,iii. One
978,The is a
979,3. One who is with the
980,"""And they were astonished unto him, saying, with his disciples and he hath raised in the that we shall be"
981,"This is a new window, to the on this tutorial."
982,Click click on Save button at the bottom
983,iv. Photosynthesis
984,This is a part of food in the
985,The happens is a festival
986,This is also used to the movement and stabilize
987,3. One who
988,iii. non
989,And and scripting to
990,And is a rectangle and
991,"To create Test Page bar, type: ‘www.yahoo.com’"
992,3. One who is
993,"""And when he had in the Jews"
994,"""Yes, relaxed, asanas Bhramari Pranayama."""
995,"""And they cried unto him, saying, he went into the city and thou shalt to him away"
996,The helps विस्मृत्य पुनः स्मरणं करोति
997,"""And they cried unto him, saying, thou he went into the and said to him away"
998,Click on the to
999,This is a new in the Course overview
1000,The function is in the stretching and
